'samples', 'mean', 'std', 'min', 'max', 'data'
29, 30.074448275862071, 0.67663113703145172, 27.643, 32.784, [24.878999999999998, 26.038, 27.92, 30.085, 25.231, 27.643, 30.085, 30.075, 30.088, 32.784, 30.081, 30.063, 30.163, 30.052, 30.078, 30.054000000000002, 30.075999999999997, 30.055, 30.126, 30.044, 30.037000000000003, 30.043, 30.065, 30.051000000000002, 30.066, 30.049, 30.068, 30.049, 30.057000000000002, 30.044999999999998, 30.037000000000003, 30.041, 30.041, 30.043]