'samples', 'mean', 'std', 'min', 'max', 'data'
29, 20.249586206896552, 0.714247156934531, 20.059, 23.988, [14.006, 56.037, 10.062, 14.985, 15.956999999999999, 20.149, 20.098000000000003, 20.173, 20.089, 20.152, 20.084999999999997, 20.136000000000003, 20.147000000000002, 20.133000000000003, 20.09, 20.114, 20.079, 20.097, 20.088, 20.070999999999998, 20.060000000000002, 20.096, 20.075, 23.988, 20.077, 20.11, 20.084999999999997, 20.087, 20.060000000000002, 20.064999999999998, 20.064999999999998, 20.063000000000002, 20.059, 20.647]