'samples', 'mean', 'std', 'min', 'max', 'data'
204, 21.587926470588226, 3.6878338864440696, 20.046000000000003, 39.562, [13.605, 53.442, 13.148, 10.814, 13.923, 25.962, 25.933999999999997, 32.36, 39.562, 29.944, 25.959, 37.962, 25.968, 29.951999999999998, 27.518, 24.379, 29.953, 28.017, 33.959999999999994, 25.963, 25.912000000000003, 25.96, 37.962, 30.294, 33.632000000000005, 25.961000000000002, 33.946999999999996, 25.961000000000002, 25.961000000000002, 25.964000000000002, 25.968999999999998, 29.96, 33.961999999999996, 26.001, 25.921, 25.958, 25.951999999999998, 21.968999999999998, 25.956, 25.968999999999998, 20.049, 20.059, 20.059, 20.064999999999998, 20.054, 20.052, 20.049999999999997, 20.055, 20.055, 20.057, 20.049, 20.054, 20.052, 20.047, 20.054, 20.056, 20.051, 20.051, 20.049, 20.048, 20.055, 20.639, 20.051, 20.049999999999997, 20.049999999999997, 20.046000000000003, 20.048, 20.048, 20.048, 20.047, 20.049, 20.048, 20.054, 20.049999999999997, 20.047, 20.055, 20.049999999999997, 20.049, 20.049, 20.048, 20.054, 20.052, 20.078, 20.055, 20.063000000000002, 20.056, 20.049, 22.181, 20.064, 20.052, 20.048, 20.053, 20.056, 20.060000000000002, 20.054, 20.051, 20.057, 20.060000000000002, 20.049999999999997, 20.047, 20.048, 20.046000000000003, 20.049, 20.048, 20.047, 20.046000000000003, 20.049999999999997, 20.055, 20.048, 20.049, 20.051, 20.514999999999997, 20.049, 20.048, 20.048, 20.047, 20.047, 20.064999999999998, 20.053, 20.061, 20.054, 20.054, 20.057, 20.062, 20.057, 20.07, 20.051, 20.244999999999997, 20.058, 20.052, 20.052, 20.053, 20.049999999999997, 20.049999999999997, 20.051, 20.048, 20.049, 20.048, 20.049999999999997, 20.049999999999997, 20.049999999999997, 20.049999999999997, 20.051, 20.052, 20.049999999999997, 20.049, 20.051, 20.057, 20.049, 20.046000000000003, 20.048, 20.046000000000003, 20.049, 20.048, 20.058, 20.052, 20.059, 20.052, 20.049, 20.047, 20.049999999999997, 20.052, 20.051, 20.049999999999997, 20.051, 20.054, 20.049999999999997, 20.049999999999997, 20.049, 20.049, 20.048, 20.048, 20.049999999999997, 20.046000000000003, 20.048, 20.049999999999997, 20.057, 20.058, 20.053, 20.049, 20.047, 20.058, 20.055, 20.049999999999997, 20.067, 20.051, 23.257, 20.058, 20.052, 20.052, 20.049, 20.051, 20.052, 20.058, 20.049999999999997, 20.049999999999997, 20.047, 20.052, 20.052, 20.048, 20.053, 20.055, 20.056, 20.055, 20.049999999999997, 20.051, 20.049, 20.056, 26.048000000000002]