'samples', 'mean', 'std', 'min', 'max', 'data'
204, 30.02006862745095, 0.20458991789909683, 27.94, 30.082, [26.441, 26.432000000000002, 30.039, 30.038, 30.037000000000003, 30.035, 30.069, 30.043, 30.043, 30.048, 30.039, 30.037000000000003, 30.037000000000003, 30.043, 30.061999999999998, 30.044999999999998, 30.043, 30.039, 27.990000000000002, 30.038, 30.082, 30.038, 30.039, 30.04, 30.04, 30.041, 30.044999999999998, 30.038, 30.038, 30.037000000000003, 30.038, 30.037000000000003, 30.038, 30.04, 30.039, 30.041, 30.044999999999998, 30.038, 30.039, 30.036, 30.038, 30.051000000000002, 30.043, 30.039, 30.044999999999998, 30.039, 30.04, 30.039, 30.038, 30.048, 30.039, 30.044999999999998, 30.041999999999998, 30.038, 30.037000000000003, 30.046, 30.041999999999998, 30.039, 30.041, 30.039, 30.039, 30.039, 30.04, 30.037000000000003, 30.038, 30.036, 30.034000000000002, 30.037000000000003, 30.037000000000003, 30.037000000000003, 30.061999999999998, 30.036, 30.039, 30.037000000000003, 30.036, 30.036, 30.035, 30.037000000000003, 30.036, 30.035, 30.036, 30.04, 30.054000000000002, 30.038, 30.044999999999998, 30.044, 30.038, 30.041999999999998, 27.94, 30.038, 30.037000000000003, 30.039, 30.039, 30.041, 30.04, 30.036, 30.041999999999998, 30.035, 30.038, 30.035, 30.034000000000002, 30.036, 30.04, 30.034000000000002, 30.036, 30.035, 30.035, 30.044999999999998, 30.038, 30.036, 30.04, 30.037000000000003, 30.038, 30.037000000000003, 30.037000000000003, 30.035, 30.035, 30.044999999999998, 30.04, 30.041999999999998, 30.046, 30.038, 30.044, 30.039, 30.048, 30.044, 30.037000000000003, 30.037000000000003, 30.04, 30.037000000000003, 30.039, 30.037000000000003, 30.041, 30.037000000000003, 30.038, 30.037000000000003, 30.036, 30.037000000000003, 30.036, 30.035, 30.037000000000003, 30.037000000000003, 30.041, 30.036, 30.039, 30.037000000000003, 30.036, 30.048, 30.038, 30.038, 30.037000000000003, 30.038, 30.041, 30.039, 30.04, 30.044999999999998, 30.04, 30.05, 30.041999999999998, 30.038, 30.04, 30.041, 30.044, 30.041, 30.041999999999998, 30.046, 30.041, 30.04, 30.039, 30.039, 30.036, 30.039, 30.043, 30.036, 30.038, 30.038, 30.043, 30.043, 30.044, 30.074, 30.04, 30.039, 30.047, 30.038, 30.054000000000002, 30.043, 30.037000000000003, 30.046, 30.044, 30.04, 30.039, 30.037000000000003, 30.047, 30.041999999999998, 30.041, 30.04, 30.037000000000003, 30.037000000000003, 30.04, 30.037000000000003, 30.038, 30.037000000000003, 30.04, 30.04, 30.04, 30.04, 30.038, 30.046, 30.04]