'samples', 'mean', 'std', 'min', 'max', 'data'
202, 44.376163366336655, 102.36871414833831, 20.057, 801.7800000000001, [15.791, 55.437, 10.068999999999999, 10.179, 10.035, 21.877, 20.069, 20.069, 20.072, 21.435, 24.538, 20.079, 20.066, 20.067999999999998, 28.826999999999998, 20.54, 21.994, 20.080000000000002, 20.07, 31.703000000000003, 20.078, 20.075, 20.07, 20.069, 20.070999999999998, 20.07, 20.067999999999998, 23.824, 20.074, 20.077, 20.072, 21.578, 20.078, 20.066, 20.064, 24.025000000000002, 20.072, 23.913, 20.167, 22.109, 20.802999999999997, 20.067, 20.066, 21.102, 20.066, 28.184, 20.07, 20.067999999999998, 20.2, 20.075, 20.082, 20.1, 20.083, 20.092, 20.368000000000002, 20.081000000000003, 20.089, 20.080000000000002, 20.067, 23.817, 20.069, 20.066, 20.074, 20.072, 20.067, 20.067999999999998, 20.064, 20.062, 20.17, 20.088, 20.092, 21.335, 20.143, 39.638, 49.386, 42.281, 36.041, 20.072, 20.064, 20.060000000000002, 20.061, 20.064, 20.929, 20.069, 20.061, 20.064999999999998, 20.066, 20.137999999999998, 20.122999999999998, 20.067, 20.07, 20.070999999999998, 20.099, 20.107, 30.657, 29.992, 21.832, 20.067, 20.062, 20.059, 20.061, 59.309, 49.605000000000004, 53.483000000000004, 25.945, 20.067999999999998, 20.060000000000002, 20.060000000000002, 20.061, 20.058, 20.060000000000002, 61.995000000000005, 40.088, 29.985000000000003, 40.086, 24.726000000000003, 20.058, 20.057, 20.059, 24.505, 20.247999999999998, 20.067, 20.066, 23.974, 20.061, 207.202, 28.092, 41.488, 25.963, 21.954, 20.058, 20.061, 20.059, 251.66100000000003, 30.002000000000002, 21.991, 25.957, 25.963, 20.061, 20.058, 20.058, 20.060000000000002, 20.064, 20.060000000000002, 20.060000000000002, 20.060000000000002, 20.062, 20.061, 20.060000000000002, 20.059, 177.983, 29.704, 37.961, 25.962, 25.958, 20.058, 20.058, 20.059, 20.057, 34.391999999999996, 41.466, 31.28, 40.641999999999996, 20.059, 20.058, 20.067, 20.07, 20.076, 20.07, 20.076, 20.076, 20.072, 281.99, 33.95, 33.961999999999996, 21.961000000000002, 25.951999999999998, 20.060000000000002, 387.884, 21.908, 25.951999999999998, 25.964000000000002, 29.958, 25.956, 21.964000000000002, 20.057, 20.076, 218.026, 49.957, 25.911, 25.944, 25.953, 25.945, 573.9870000000001, 41.894, 41.935, 23.532999999999998, 39.586000000000006, 629.937, 25.894000000000002, 33.957, 778.0740000000001, 801.7800000000001, 33.882000000000005, 25.942, 25.939, 37.954]