'samples', 'mean', 'std', 'min', 'max', 'data'
203, 33.803758620689649, 20.925551107876156, 25.375999999999998, 210.037, [19.321, 24.252, 34.021, 33.927, 30.049, 30.043, 30.047, 30.049, 30.044999999999998, 35.622, 30.048, 30.053, 30.044, 30.043, 30.044, 30.04, 30.051000000000002, 30.055, 30.05, 30.049, 34.033, 30.058999999999997, 30.047, 31.241999999999997, 30.046, 30.161, 30.041, 30.055, 30.05, 30.048, 30.047, 30.056, 30.055, 30.086000000000002, 30.044, 35.564, 30.046, 30.05, 30.084, 30.063, 28.011000000000003, 30.044999999999998, 30.043, 30.044999999999998, 29.011, 30.044999999999998, 30.05, 30.047, 30.051000000000002, 30.063, 33.375, 30.068, 30.078, 30.07, 30.073, 30.076999999999998, 30.061, 30.599, 30.046, 30.053, 26.294999999999998, 30.048, 30.047, 30.051000000000002, 30.049, 30.058999999999997, 30.049, 30.044999999999998, 30.041999999999998, 30.145000000000003, 30.084, 30.08, 28.887, 30.099, 42.631, 33.995, 49.726, 30.054000000000002, 30.044999999999998, 30.044, 30.041, 30.043, 30.041999999999998, 30.047, 30.047, 30.048, 30.044, 30.066, 30.079, 30.113999999999997, 30.055, 30.046, 30.191, 30.049, 30.046, 33.995, 30.098, 28.352999999999998, 30.041, 30.044, 30.041999999999998, 30.039, 62.39, 50.524, 30.055, 30.05, 30.041999999999998, 30.043, 30.041, 30.041999999999998, 30.04, 53.377, 34.804, 31.119999999999997, 49.336999999999996, 30.043, 25.375999999999998, 30.041, 30.04, 30.048, 25.6, 30.056, 30.122, 30.05, 26.148999999999997, 30.041999999999998, 35.893, 30.517, 30.041, 30.039, 30.039, 30.047, 30.041999999999998, 30.039, 34.007999999999996, 41.994, 30.044, 30.041, 30.041999999999998, 30.046, 30.041999999999998, 30.041999999999998, 30.041999999999998, 30.056, 30.043, 30.043, 30.044, 30.052, 30.041999999999998, 30.043, 152.757, 30.288, 30.039, 30.041, 30.04, 30.044, 30.04, 30.04, 30.041, 30.044999999999998, 30.085, 30.041, 30.041, 30.041999999999998, 30.041999999999998, 30.044, 30.041, 30.058, 30.052, 30.054000000000002, 30.282, 30.053, 30.052, 158.707, 30.046, 30.041, 30.043, 30.043, 30.041999999999998, 30.041, 30.072000000000003, 30.038, 30.041999999999998, 30.037000000000003, 30.044, 30.041, 30.039, 30.043, 185.79399999999998, 42.018, 30.076999999999998, 30.054000000000002, 30.047, 30.057000000000002, 210.037, 30.087, 30.061999999999998, 30.756999999999998, 30.131, 30.072000000000003, 30.085, 30.044, 30.047, 30.113, 30.105, 30.066, 30.053, 30.047]