'samples', 'mean', 'std', 'min', 'max', 'data'
233, 32.976484978540782, 15.474788971665674, 25.983, 189.966, [30.044999999999998, 29.995, 30.063, 33.829, 25.103, 30.05, 30.052, 30.058, 30.051000000000002, 30.044, 30.061, 30.056, 30.048, 30.048, 30.039, 30.047, 30.044, 30.043, 30.043, 30.051000000000002, 30.072000000000003, 30.041, 30.04, 30.041, 30.037000000000003, 30.034000000000002, 30.034000000000002, 30.036, 30.037000000000003, 30.037000000000003, 37.699000000000005, 38.885999999999996, 30.049, 30.043, 30.033, 30.035, 30.041, 30.046, 30.039, 30.051000000000002, 30.044999999999998, 30.046, 29.904, 30.043, 30.398, 30.046, 30.044, 30.041999999999998, 30.078, 31.164, 30.084, 30.074, 30.591, 33.743, 30.07, 31.035, 30.128999999999998, 27.907, 30.051000000000002, 30.047, 30.043, 30.043, 30.046, 30.044999999999998, 30.038, 30.049, 30.038, 31.756, 30.068, 30.074, 30.055, 30.064, 33.787, 30.063, 30.055, 43.001999999999995, 30.041, 30.04, 34.535999999999994, 28.044, 30.043, 30.035, 30.041, 30.04, 30.041, 30.05, 30.051000000000002, 30.057000000000002, 77.706, 34.293, 37.964999999999996, 38.078, 30.041999999999998, 30.053, 30.044999999999998, 30.054000000000002, 61.787, 70.426, 30.128, 30.043, 30.043, 30.037000000000003, 30.035, 30.034000000000002, 30.033, 30.031, 30.031, 30.046, 30.031, 30.03, 30.036, 30.038, 30.032, 30.031, 30.03, 30.032, 30.048, 34.071999999999996, 37.644, 33.734, 34.208000000000006, 30.031, 30.026, 30.029, 30.031, 30.031, 30.031, 30.03, 30.034000000000002, 30.034000000000002, 43.29, 33.991, 34.007000000000005, 38.010000000000005, 30.051000000000002, 30.043, 30.033, 30.035, 25.983, 30.03, 30.029, 30.031, 26.108, 30.03, 30.029, 30.03, 26.236, 30.03, 30.029, 30.029, 26.356, 30.03, 30.04, 30.544, 37.31, 34.003, 33.821, 30.032, 30.031, 30.03, 30.029, 30.03, 30.03, 30.029, 30.03, 30.032, 30.03, 30.029, 30.03, 30.029, 30.032, 30.053, 30.038, 30.038, 30.038, 30.035, 30.032, 34.009, 30.029, 30.301000000000002, 30.029, 30.028, 30.029, 27.851, 30.03, 30.033, 30.041999999999998, 28.011000000000003, 93.581, 42.016, 30.035, 34.019, 30.033, 30.039, 30.032, 30.03, 30.03, 30.029, 30.03, 34.013, 30.046, 30.032, 30.03, 30.034000000000002, 30.032, 30.058999999999997, 30.043, 29.759, 30.033, 131.958, 30.06, 30.04, 30.032, 30.03, 30.03, 30.038, 189.966, 30.069, 30.039, 30.033, 30.032, 138.03199999999998, 30.075, 30.063, 30.055, 30.038, 30.346999999999998, 30.032, 30.035, 30.031, 30.03, 30.03, 30.03, 30.093999999999998, 30.03, 30.035, 30.033, 30.037000000000003]