'samples', 'mean', 'std', 'min', 'max', 'data'
375, 7.9344213333333382, 2.5085788398636306, 5.6, 20.8, [5.2, 4.6, 7.0, 7.2, 10.4, 6.8, 15.4, 7.8, 13.0, 6.0, 9.799999999999999, 5.6, 6.4, 8.4, 8.6, 6.2, 7.6, 5.6, 5.8, 6.8, 8.6, 10.6, 6.0, 6.2, 11.0, 5.6, 6.2, 7.0, 5.8, 7.0, 8.4, 15.4, 5.8, 5.6, 6.8, 6.4, 6.2, 8.6, 6.4, 6.2, 7.8, 7.2, 6.4, 9.0, 6.4, 11.2, 6.4, 18.4, 9.2, 7.0, 6.4, 8.8, 6.0, 6.2, 6.0, 8.0, 6.4, 10.6, 16.2, 9.2, 9.4, 15.2, 9.4, 8.4, 8.8, 5.8, 8.8, 6.2, 8.200000000000001, 8.4, 6.8, 6.0, 8.0, 6.4, 6.4, 9.2, 8.4, 7.6, 6.4, 9.6, 7.4, 8.0, 5.8, 7.0, 5.8, 7.2, 5.8, 7.8, 6.2, 6.0, 5.6, 6.2, 5.6, 8.200000000000001, 6.8, 7.2, 13.4, 8.6, 5.6, 12.0, 9.799999999999999, 11.799999999999999, 6.8, 7.2, 10.6, 13.4, 11.2, 6.2, 6.0, 6.2, 6.2, 7.4, 10.8, 6.2, 7.4, 5.8, 5.6, 6.2, 6.2, 7.2, 7.0, 14.6, 8.0, 6.0, 8.200000000000001, 7.6, 6.0, 6.6, 8.0, 8.4, 6.8, 7.0, 10.200000000000001, 6.2, 10.4, 12.6, 7.2, 6.4, 8.0, 6.6, 6.0, 5.8, 11.4, 5.6, 15.2, 8.8, 6.4, 10.4, 6.2, 5.8, 7.8, 8.4, 6.6, 7.0, 7.2, 5.8, 8.200000000000001, 7.8, 14.0, 6.4, 12.4, 6.0, 9.799999999999999, 8.0, 10.8, 6.0, 6.2, 6.2, 15.4, 7.2, 6.8, 6.8, 6.0, 5.6, 7.0, 6.8, 6.6, 8.0, 8.405, 17.4, 8.0, 9.799999999999999, 10.200000000000001, 8.6, 12.6, 10.6, 5.6, 6.8, 11.2, 6.0, 7.4, 6.6, 7.8, 7.4, 7.8, 6.0, 7.0, 5.8, 6.8, 7.0, 12.0, 6.4, 7.8, 8.4, 6.2, 6.2, 7.2, 6.4, 11.2, 6.8, 8.4, 6.8, 8.4, 8.4, 6.8, 10.200000000000001, 7.6, 6.2, 7.6, 6.8, 7.8, 6.8, 11.6, 9.6, 6.4, 8.4, 6.0, 6.6, 6.0, 6.4, 6.4, 8.0, 8.6, 8.0, 5.8, 7.8, 6.6, 5.6, 6.0, 5.6, 7.8, 7.2, 8.200000000000001, 11.799999999999999, 6.4, 8.4, 10.6, 6.0, 7.0, 5.6, 5.8, 16.2, 6.2, 6.6, 6.0, 10.8, 9.799999999999999, 6.6, 6.4, 7.4, 5.8, 7.4, 7.2, 6.4, 9.4, 17.6, 8.8, 6.2, 5.6, 9.799999999999999, 7.4, 7.4, 7.2, 6.4, 6.603000000000001, 8.0, 5.6, 8.8, 8.0, 6.6, 5.8, 9.799999999999999, 7.0, 7.8, 7.6, 5.8, 13.799999999999999, 5.6, 5.8, 6.4, 7.8, 8.4, 8.4, 6.0, 6.4, 10.8, 6.4, 6.4, 7.0, 5.6, 13.4, 6.8, 6.4, 18.2, 8.4, 7.8, 5.6, 12.6, 5.8, 7.2, 9.2, 8.0, 5.8, 8.4, 7.4, 6.2, 9.799999999999999, 8.200000000000001, 6.8, 6.8, 6.4, 9.0, 7.4, 7.0, 13.0, 6.6, 12.4, 9.4, 6.4, 6.6, 8.4, 9.2, 5.6, 7.2, 6.4, 7.0, 6.4, 9.4, 6.6, 6.6, 5.8, 17.0, 20.8, 8.4, 5.6, 6.4, 12.200000000000001, 6.4, 6.2, 7.0, 6.4, 5.8, 9.2, 9.2, 10.200000000000001, 6.4, 6.2, 6.4, 10.8, 5.8, 8.0, 6.2, 8.4, 6.4, 7.0, 8.8, 7.6, 6.6, 6.2, 11.2, 7.0, 7.2, 8.8, 13.0, 7.2, 6.0, 7.6, 7.0, 6.0, 6.6]