'samples', 'mean', 'std', 'min', 'max', 'data'
24, 20.19425, 0.41045698617516546, 20.061, 21.785, [17.856, 57.744, 10.036, 10.071, 10.029, 20.073, 20.064999999999998, 20.211, 21.785, 20.077, 21.275, 20.066, 20.066, 20.061, 20.064999999999998, 20.061, 20.062, 20.062, 20.063000000000002, 20.067999999999998, 20.062, 20.069, 20.062, 20.063000000000002, 20.061, 20.072, 20.067, 20.070999999999998, 20.075]