'samples', 'mean', 'std', 'min', 'max', 'data'
24, 30.039666666666673, 0.29772997647010402, 28.836000000000002, 30.852, [22.179000000000002, 22.18, 30.047, 30.04, 30.041999999999998, 30.052, 30.056, 30.145000000000003, 30.068, 30.852, 30.058, 28.836000000000002, 30.053, 30.043, 30.055, 30.05, 30.044999999999998, 30.041, 30.044999999999998, 30.104, 30.05, 30.04, 30.047, 30.048, 30.044999999999998, 30.051000000000002, 30.046, 30.058, 30.064]