'samples', 'mean', 'std', 'min', 'max', 'data'
24, 30.052791666666668, 0.0054846692901417303, 30.044999999999998, 30.066, [30.074, 29.996, 30.067, 33.325, 30.047, 30.048, 30.053, 30.054000000000002, 30.046, 30.049, 30.054000000000002, 30.066, 30.048, 30.051000000000002, 30.061999999999998, 30.057000000000002, 30.058999999999997, 30.052, 30.056, 30.056, 30.064, 30.044999999999998, 30.05, 30.048, 30.051000000000002, 30.049, 30.052, 30.048, 30.049]