'samples', 'mean', 'std', 'min', 'max', 'data'
24, 20.265791666666665, 0.76298077625229588, 20.058, 23.867, [10.040000000000001, 49.717, 10.621, 10.083, 10.030000000000001, 20.083, 20.067, 20.638, 20.072, 20.07, 20.079, 20.074, 20.066, 20.064999999999998, 20.064, 20.066, 23.867, 20.066, 20.064999999999998, 20.079, 20.067, 20.058, 20.061, 20.061, 20.458000000000002, 20.061, 20.064, 20.063000000000002, 20.064999999999998]