'samples', 'mean', 'std', 'min', 'max', 'data'
30, 22.485166666666668, 6.2087858184099813, 20.07, 50.485, [10.867999999999999, 47.940999999999995, 10.052999999999999, 10.081, 10.035, 20.095, 20.079, 20.082, 20.083, 23.625, 33.604, 28.655, 20.084, 20.073, 30.19, 20.086, 20.09, 20.088, 20.112000000000002, 20.089, 20.086, 20.082, 20.083, 20.084, 20.07, 20.07, 20.073, 20.076, 20.083, 20.082, 50.485, 25.94, 20.102999999999998, 20.095, 20.108]