'samples', 'mean', 'std', 'min', 'max', 'data'
37, 29.929000000000009, 0.78952965813899689, 26.396, 32.186, [30.139, 30.033, 30.057000000000002, 30.052, 29.479000000000003, 30.048, 30.053, 28.791, 28.053, 30.125, 30.063, 26.396, 30.065, 30.052, 30.093999999999998, 29.763, 30.047, 30.055, 30.041, 30.049, 30.052, 30.044999999999998, 30.052, 30.095, 30.051000000000002, 30.058999999999997, 30.116, 30.054000000000002, 30.147, 30.061999999999998, 30.07, 30.057000000000002, 30.125, 30.122, 30.057000000000002, 32.186, 30.046, 30.041999999999998, 30.072000000000003, 30.065, 30.05, 30.053]