'samples', 'mean', 'std', 'min', 'max', 'data'
23, 29.996826086956524, 0.28412836232237099, 28.665, 30.082, [22.227, 22.22, 30.061, 30.054000000000002, 30.183999999999997, 28.665, 30.076999999999998, 30.061, 30.046, 30.053, 30.051000000000002, 30.081, 30.052, 30.057000000000002, 30.044999999999998, 30.063, 30.049, 30.049, 30.051000000000002, 30.053, 30.052, 30.061999999999998, 30.061, 30.061, 30.082, 30.047, 30.052, 30.057000000000002]