'samples', 'mean', 'std', 'min', 'max', 'data'
22, 20.923909090909088, 3.0580841879886895, 20.058, 34.217999999999996, [17.822999999999997, 57.67, 10.035, 10.134, 11.638, 20.084999999999997, 34.217999999999996, 20.076, 24.719, 20.067, 20.066, 20.072, 20.060000000000002, 20.064, 20.062, 20.061, 20.064999999999998, 20.058, 20.122999999999998, 20.066, 20.066, 20.067, 20.066, 20.075, 20.064, 20.064, 20.062]