'samples', 'mean', 'std', 'min', 'max', 'data'
30, 30.922499999999999, 3.9645045991481296, 26.526, 49.894, [31.51, 29.179, 30.052, 30.05, 30.051000000000002, 30.053, 30.055, 30.074, 30.061999999999998, 30.053, 26.526, 30.061, 30.061999999999998, 30.054000000000002, 30.047, 30.099, 49.894, 30.06, 39.438, 30.074, 30.078, 30.15, 30.06, 30.058999999999997, 30.056, 30.057000000000002, 30.058, 30.068, 30.053, 30.065, 30.055, 30.068, 30.067, 30.072000000000003, 30.096999999999998]