'samples', 'mean', 'std', 'min', 'max', 'data'
31, 29.912516129032252, 0.80660262715103437, 25.496000000000002, 30.134999999999998, [25.437, 26.185, 30.058, 30.058, 30.058999999999997, 30.126, 30.049, 30.053, 30.048, 30.05, 30.044999999999998, 30.049, 25.496000000000002, 30.049, 30.046, 30.054000000000002, 30.052, 30.091, 30.058999999999997, 30.047, 30.061, 30.065, 30.058, 30.134999999999998, 30.058999999999997, 30.058999999999997, 30.048, 30.055, 30.058999999999997, 30.05, 30.049, 30.047, 30.066, 30.05, 30.057000000000002, 30.056]