'samples', 'mean', 'std', 'min', 'max', 'data'
31, 20.325741935483876, 0.97239066779873018, 20.062, 24.617, [13.854999999999999, 53.714, 10.1, 10.078, 10.033999999999999, 20.069, 20.063000000000002, 23.334, 20.062, 20.066, 20.067999999999998, 24.617, 20.069, 20.063000000000002, 20.062, 20.073, 20.067999999999998, 20.077, 20.070999999999998, 20.070999999999998, 20.067999999999998, 20.072, 20.084, 20.165, 20.072, 20.066, 20.070999999999998, 20.077, 20.079, 20.062, 20.063000000000002, 20.070999999999998, 20.072, 20.095, 20.075, 20.073]