'samples', 'mean', 'std', 'min', 'max', 'data'
37, 20.411351351351346, 0.99269685136721886, 20.058, 24.724, [10.041, 49.22, 10.038, 10.674, 10.038, 20.095, 21.314, 22.058999999999997, 20.079, 20.209, 23.732, 20.069, 20.067999999999998, 20.136000000000003, 20.375, 20.072, 20.072, 20.058, 20.070999999999998, 24.724, 20.061, 20.058, 20.064, 20.076, 20.070999999999998, 20.073, 20.076, 20.149, 20.076, 20.303, 20.073, 20.070999999999998, 20.075, 20.129, 20.064, 20.079, 20.082, 20.078, 20.083, 20.199, 20.069, 20.078]