'samples', 'mean', 'std', 'min', 'max', 'data'
45, 29.700844444444446, 1.2274468344323608, 25.778, 32.878, [30.126, 30.009, 30.044999999999998, 30.044, 28.181, 30.043, 30.049, 30.046, 30.049, 30.044, 30.043, 30.048, 30.048, 30.05, 30.128, 27.597, 25.778, 30.18, 30.068, 30.075, 26.412000000000003, 30.093, 30.051000000000002, 30.06, 26.738000000000003, 30.055, 30.052, 30.051000000000002, 27.024, 30.046, 30.047, 30.058999999999997, 27.305, 30.083, 30.069, 32.878, 30.074, 30.339000000000002, 30.064, 30.067, 30.056, 30.061999999999998, 30.066, 30.055, 30.049, 30.054000000000002, 30.058999999999997, 30.093, 30.112, 30.119]