'samples', 'mean', 'std', 'min', 'max', 'data'
35, 20.080485714285714, 0.01642884471822394, 20.064999999999998, 20.144, [10.041, 10.055, 10.032, 10.071, 10.038, 20.072, 20.074, 20.064999999999998, 20.072, 20.075, 20.079, 20.078, 20.077, 20.080000000000002, 20.076, 20.075, 20.076, 20.067999999999998, 20.070999999999998, 20.144, 20.074, 20.132, 20.069, 20.069, 20.079, 20.073, 20.074, 20.070999999999998, 20.067, 20.067, 20.079, 20.086, 20.066, 20.088, 20.082, 20.083, 20.091, 20.091, 20.101, 20.093]