'samples', 'mean', 'std', 'min', 'max', 'data'
45, 20.884022222222224, 1.8668770058741762, 20.063000000000002, 29.846, [14.611, 49.683, 10.046, 12.45, 10.045, 20.096, 23.448, 20.074, 20.063000000000002, 20.076, 20.084999999999997, 20.074, 20.09, 20.075, 20.087, 24.977, 20.084999999999997, 20.080000000000002, 20.076, 24.557, 20.084999999999997, 20.086, 21.781, 23.967, 20.064999999999998, 22.258, 20.078, 21.41, 20.087, 20.099, 20.093, 20.108999999999998, 20.078, 20.082, 20.239, 20.09, 20.163, 20.162, 20.095, 20.554, 20.145, 20.126, 23.293000000000003, 20.13, 20.081000000000003, 20.142, 20.079, 29.846, 20.078, 20.337]