'samples', 'mean', 'std', 'min', 'max', 'data'
35, 30.066371428571433, 0.016654618774700928, 30.046, 30.127000000000002, [30.006999999999998, 30.015, 30.057000000000002, 30.058, 30.046, 30.051000000000002, 30.061, 30.046, 30.053, 30.061, 30.049, 30.076999999999998, 30.055, 30.106, 30.05, 30.081, 30.053, 30.058, 30.063, 30.127000000000002, 30.068, 30.06, 30.058, 30.063, 30.049, 30.061, 30.075999999999997, 30.053, 30.058999999999997, 30.066, 30.051000000000002, 30.075999999999997, 30.06, 30.065, 30.075, 30.081, 30.088, 30.085, 30.072000000000003, 30.066]