'samples', 'mean', 'std', 'min', 'max', 'data'
45, 29.890977777777785, 1.3318115230164913, 25.174, 33.4, [27.852999999999998, 25.430999999999997, 30.044, 30.052, 27.695999999999998, 30.052, 30.068, 30.051000000000002, 30.05, 32.953, 30.066, 30.052, 30.058999999999997, 30.064, 30.192, 30.076999999999998, 25.174, 30.071, 30.06, 30.061999999999998, 25.623, 30.162000000000003, 30.079, 28.389999999999997, 26.173, 30.071, 30.066, 30.068, 30.325000000000003, 30.07, 30.071, 30.075, 33.4, 30.075999999999997, 30.085, 30.151, 30.083, 30.085, 30.078, 30.098, 30.101, 30.108, 30.099, 30.107, 30.078, 30.076999999999998, 30.065, 30.057000000000002, 30.058, 30.064]