'samples', 'mean', 'std', 'min', 'max', 'data'
45, 20.617355555555566, 1.2105012764334098, 20.060000000000002, 24.441000000000003, [10.033, 48.416000000000004, 10.037, 15.786999999999999, 10.033, 20.084999999999997, 20.072, 20.067, 20.064999999999998, 20.060000000000002, 20.063000000000002, 20.064, 20.062, 20.990000000000002, 22.544, 24.441000000000003, 20.081000000000003, 20.134, 20.076, 23.79, 20.066, 20.066, 20.064, 23.374, 20.064, 20.060000000000002, 20.069, 23.101, 20.063000000000002, 20.064, 20.064, 22.816, 20.082, 20.072, 20.076, 20.084999999999997, 23.504, 20.131, 20.082, 20.254, 20.077, 20.070999999999998, 20.066, 20.07, 20.073, 20.066, 20.152, 20.105, 20.162, 20.188000000000002]