'samples', 'mean', 'std', 'min', 'max', 'data'
29, 30.102793103448274, 0.76868837591236128, 27.947, 33.626000000000005, [30.073, 30.003999999999998, 30.072000000000003, 30.044999999999998, 30.044999999999998, 30.046, 27.947, 30.044999999999998, 30.054000000000002, 30.054000000000002, 30.038, 30.05, 30.043, 30.054000000000002, 30.110999999999997, 30.041999999999998, 30.05, 30.047, 30.046, 30.048, 30.055, 30.09, 30.044, 30.048, 30.044999999999998, 30.05, 30.056, 30.043, 30.041, 30.053, 30.048, 33.626000000000005, 30.05, 30.057000000000002]