'samples', 'mean', 'std', 'min', 'max', 'data'
28, 20.605214285714283, 1.2206511540140852, 20.057, 24.419, [10.033999999999999, 49.299, 10.055, 10.081, 10.031, 22.186999999999998, 20.076, 23.404999999999998, 20.080000000000002, 20.064, 21.703, 20.064, 20.063000000000002, 20.070999999999998, 20.119999999999997, 20.067, 20.067999999999998, 20.063000000000002, 20.066, 20.069, 20.064999999999998, 20.074, 20.067999999999998, 24.419, 20.057, 20.067999999999998, 20.064999999999998, 23.613, 20.07, 20.072, 20.064999999999998, 20.067, 20.077]