'samples', 'mean', 'std', 'min', 'max', 'data'
32, 20.198375000000002, 0.57513681796160487, 20.067999999999998, 23.396, [11.958, 51.753, 13.863999999999999, 10.168, 10.057, 20.118000000000002, 20.169, 20.1, 20.084, 20.098000000000003, 20.075, 20.164, 23.396, 20.074, 20.133000000000003, 20.067999999999998, 20.070999999999998, 20.144, 20.075, 20.151, 20.073, 20.086, 20.074, 20.079, 20.070999999999998, 20.069, 20.070999999999998, 20.132, 20.079, 20.079, 20.077, 20.089, 20.081000000000003, 20.079, 20.069, 20.149, 20.070999999999998]