'samples', 'mean', 'std', 'min', 'max', 'data'
46, 20.724065217391299, 1.9939225967508494, 20.059, 32.461, [10.133, 49.25, 10.054, 10.096, 10.07, 21.112, 32.461, 20.09, 20.076, 20.082, 20.091, 20.084999999999997, 20.121, 21.8, 20.064999999999998, 20.081000000000003, 24.555, 20.067, 20.126, 20.117, 23.972, 20.119999999999997, 20.078, 20.061, 21.278, 20.061, 20.059, 20.075, 20.962, 20.064999999999998, 20.064, 20.07, 20.694, 20.174, 20.074, 20.075, 20.214, 20.069, 20.527, 20.229, 20.076, 20.081000000000003, 22.655, 20.079, 20.076, 20.070999999999998, 20.088, 20.083, 20.077, 20.078, 20.093]