'samples', 'mean', 'std', 'min', 'max', 'data'
58, 20.232534482758627, 0.68920719609981396, 20.063000000000002, 24.152, [10.049000000000001, 49.653000000000006, 10.038, 10.087, 10.040000000000001, 20.079, 20.063000000000002, 20.07, 20.069, 20.084, 20.084, 20.07, 20.126, 20.157, 20.154999999999998, 20.089, 20.082, 20.207, 20.075, 20.078, 23.574, 20.088, 24.152, 20.073, 20.070999999999998, 20.083, 20.077, 20.084, 20.079, 20.1, 20.188000000000002, 20.079, 20.082, 20.148, 20.152, 20.164, 20.086, 20.081000000000003, 20.076, 20.2, 20.084, 20.083, 20.070999999999998, 20.077, 20.121, 20.132, 20.118000000000002, 20.096, 20.154999999999998, 20.113, 20.16, 20.101999999999997, 20.09, 20.094, 20.205000000000002, 20.096, 20.074, 20.095, 20.092, 20.074, 20.074, 20.079, 20.077]