'samples', 'mean', 'std', 'min', 'max', 'data'
59, 30.368203389830505, 2.5728027108857479, 26.585, 49.649, [30.083, 29.984, 30.044999999999998, 30.052, 30.061, 30.046, 30.047, 30.041, 30.057000000000002, 30.486, 30.066, 30.072000000000003, 30.061999999999998, 30.099, 30.224999999999998, 30.088, 30.214000000000002, 30.172, 30.006, 30.068, 30.06, 26.585, 30.069, 30.061, 30.057000000000002, 30.071, 30.057000000000002, 30.064, 30.074, 30.146, 30.071, 30.096, 30.08, 30.198, 30.146, 30.07, 30.14, 30.193, 30.07, 30.086000000000002, 30.117, 30.069, 30.061, 30.054000000000002, 30.075999999999997, 49.649, 30.093999999999998, 30.163, 30.113999999999997, 30.096999999999998, 30.106, 30.089000000000002, 30.075, 30.086000000000002, 30.104, 30.087, 30.063, 30.078, 30.06, 30.061999999999998, 30.058, 30.071, 30.068, 30.08]