'samples', 'mean', 'std', 'min', 'max', 'data'
47, 29.806404255319151, 0.99976941298022748, 25.638, 32.338, [30.432000000000002, 29.948, 30.09, 30.054000000000002, 30.056, 30.052, 29.044, 30.063, 30.064, 30.099, 30.092000000000002, 30.075, 30.09, 30.183999999999997, 30.086000000000002, 30.06, 30.058999999999997, 25.638, 30.138, 30.065, 30.068, 26.200999999999997, 30.072000000000003, 32.338, 30.05, 28.831, 30.046, 30.103, 30.058, 29.163, 30.044999999999998, 30.048, 30.061999999999998, 29.438, 30.075, 30.067, 30.067, 29.981, 30.065, 30.064, 30.068, 30.061999999999998, 30.076999999999998, 27.491999999999997, 30.078, 30.063, 30.075, 30.07, 30.061999999999998, 30.053, 30.068, 30.082]