'samples', 'mean', 'std', 'min', 'max', 'data'
32, 30.06203125, 0.26780292245126408, 28.677999999999997, 30.612000000000002, [28.094, 28.119000000000003, 30.148999999999997, 30.096999999999998, 30.169, 30.074, 30.109, 30.156, 30.079, 30.076999999999998, 30.103, 30.058999999999997, 30.068, 28.677999999999997, 30.256999999999998, 30.115, 30.127000000000002, 30.147, 30.071, 30.131999999999998, 30.057000000000002, 30.612000000000002, 30.065, 30.064, 30.054000000000002, 30.056, 30.054000000000002, 30.063, 30.063, 30.113, 30.068, 30.071, 30.075999999999997, 30.118, 30.069, 30.061999999999998, 30.068]