'samples', 'mean', 'std', 'min', 'max', 'data'
29, 20.452965517241374, 1.3192174922712283, 20.061, 25.901, [17.823999999999998, 57.687000000000005, 10.045, 10.11, 10.030000000000001, 20.064999999999998, 25.901, 20.064999999999998, 20.066, 20.067, 20.398, 20.077, 20.064999999999998, 20.311, 20.061, 20.069, 20.063000000000002, 20.062, 20.114, 20.092, 20.073, 20.080000000000002, 20.081000000000003, 20.075, 20.075, 24.603, 20.073, 20.089, 20.081000000000003, 20.14, 20.073, 20.063000000000002, 20.074, 20.080000000000002]