'samples', 'mean', 'std', 'min', 'max', 'data'
29, 30.195689655172409, 0.7201749358099373, 30.04, 34.005, [22.226, 22.217000000000002, 30.071, 30.044999999999998, 30.049, 30.043, 30.056, 30.05, 30.04, 30.055, 30.044, 30.05, 30.052, 30.04, 30.044, 30.044999999999998, 30.048, 30.082, 30.073, 30.066, 30.061, 30.116, 30.053, 30.055, 30.057000000000002, 30.051000000000002, 34.005, 30.067, 30.07, 30.131999999999998, 30.064, 30.051000000000002, 30.055, 30.05]