'samples', 'mean', 'std', 'min', 'max', 'data'
21, 31.042761904761907, 5.61498524702096, 27.926, 55.925999999999995, [30.092000000000002, 26.286, 38.015, 30.041, 29.608, 29.025, 30.051000000000002, 30.041999999999998, 30.054000000000002, 30.049, 30.053, 27.926, 29.253999999999998, 30.043, 28.503, 30.048, 30.041, 30.041999999999998, 28.750999999999998, 30.049, 30.052, 30.052, 30.055, 55.925999999999995, 30.118, 31.764]