'samples', 'mean', 'std', 'min', 'max', 'data'
20, 22.847450000000002, 5.0219727346432297, 20.061, 38.119, [13.754999999999999, 53.688, 10.031, 10.501, 11.057, 25.731, 20.063000000000002, 20.062, 20.066, 20.134, 29.633, 20.85, 20.066, 21.603, 20.07, 20.064, 20.061, 21.356, 20.064, 20.483, 21.192, 23.262999999999998, 38.119, 33.969, 20.1]