'samples', 'mean', 'std', 'min', 'max', 'data'
27, 20.279777777777781, 0.9077751121951888, 20.060000000000002, 24.843, [10.058, 47.069, 10.044, 13.906, 10.040000000000001, 20.075, 24.843, 20.207, 20.069, 20.067, 20.868000000000002, 20.078, 20.064, 20.067, 20.064, 20.067, 20.072, 20.064, 20.063000000000002, 20.064, 20.07, 20.07, 20.069, 20.075, 20.060000000000002, 20.063000000000002, 20.074, 20.070999999999998, 20.070999999999998, 20.064999999999998, 20.063000000000002, 20.070999999999998]