'samples', 'mean', 'std', 'min', 'max', 'data'
27, 29.855666666666668, 0.89446085561204036, 25.358999999999998, 30.12, [30.031, 29.976, 30.055, 30.056, 30.078, 30.061999999999998, 30.065, 25.358999999999998, 30.058999999999997, 30.044999999999998, 30.046, 29.273, 30.049, 30.053, 30.052, 30.058999999999997, 30.049, 30.054000000000002, 30.047, 30.096, 30.046, 30.053, 30.046, 30.049, 30.039, 30.113, 30.067, 30.12, 30.051000000000002, 30.051000000000002, 30.046, 30.054000000000002]