'samples', 'mean', 'std', 'min', 'max', 'data'
35, 20.82965714285714, 4.2975539484213403, 20.058, 45.887, [14.519, 49.482, 10.033999999999999, 10.088, 10.032, 20.084, 20.080000000000002, 45.887, 20.072, 20.075, 20.069, 20.063000000000002, 20.07, 20.084, 20.067, 20.134, 20.246, 20.067999999999998, 20.064, 20.060000000000002, 20.074, 20.058, 20.067999999999998, 20.066, 20.061, 20.136000000000003, 20.077, 20.070999999999998, 20.069, 20.061, 20.061, 20.147000000000002, 20.139, 20.070999999999998, 20.067, 20.216, 20.074, 20.132, 20.203, 20.064]