'samples', 'mean', 'std', 'min', 'max', 'data'
29, 22.231344827586216, 7.1980967708466688, 20.057, 49.902, [10.040000000000001, 46.381, 13.249, 10.107, 10.042, 20.075, 20.108, 20.084, 20.075, 49.902, 20.062, 20.072, 20.067999999999998, 20.064999999999998, 20.066, 20.072, 20.057, 20.064999999999998, 20.069, 20.067999999999998, 20.069, 26.183999999999997, 20.067999999999998, 20.069, 20.069, 20.069, 20.064, 20.059, 20.105999999999998, 20.076, 20.067999999999998, 20.066, 20.105, 46.729]