'samples', 'mean', 'std', 'min', 'max', 'data'
54, 20.284277777777781, 0.58521798460588415, 20.059, 22.946, [10.033, 49.660999999999994, 10.123999999999999, 10.093, 10.041, 22.946, 20.105, 20.059, 20.066, 20.079, 20.095, 20.075, 20.064999999999998, 20.069, 20.091, 20.095, 20.083, 20.079, 20.088, 20.088, 21.055999999999997, 20.207, 20.101, 20.217, 20.148, 20.143, 20.081000000000003, 20.111, 20.082, 20.069, 20.092, 20.080000000000002, 21.74, 20.077, 20.078, 20.067, 21.328, 20.072, 20.077, 20.223000000000003, 20.723, 20.108999999999998, 20.145, 20.072, 20.077, 20.126, 20.095, 20.084999999999997, 20.108, 20.091, 20.089, 20.101, 20.078, 20.112000000000002, 20.126, 20.14, 20.135, 22.681, 20.126]