'samples', 'mean', 'std', 'min', 'max', 'data'
29, 31.091999999999995, 5.4412240699414642, 30.044999999999998, 59.884, [30.056, 30.009999999999998, 30.078, 30.141000000000002, 30.071, 30.058, 30.063, 30.051000000000002, 59.884, 30.049, 30.133, 30.061999999999998, 30.05, 30.046, 30.086000000000002, 30.053, 30.049, 30.044999999999998, 30.142, 30.069, 30.064, 30.066, 30.063, 30.064, 30.06, 30.051000000000002, 30.047, 30.048, 30.06, 30.05, 30.053, 30.051000000000002, 30.091, 30.06]