'samples', 'mean', 'std', 'min', 'max', 'data'
54, 30.459037037037032, 2.8980709929381883, 27.202, 47.690999999999995, [30.067, 30.034000000000002, 30.148, 30.121, 30.137, 30.052, 27.202, 30.051000000000002, 30.046, 30.041999999999998, 30.058, 30.058, 30.051000000000002, 30.04, 30.051000000000002, 30.689999999999998, 30.058, 30.06, 30.063, 30.066, 30.074, 30.07, 30.076999999999998, 30.146, 30.074, 30.053, 30.068, 30.052, 30.068, 30.092000000000002, 41.535000000000004, 30.06, 30.057000000000002, 28.398, 30.052, 30.058, 30.055, 28.819999999999997, 30.058999999999997, 30.066, 30.174, 29.494, 30.068, 30.143, 30.200999999999997, 30.069, 30.089000000000002, 30.072000000000003, 30.061, 30.068, 47.690999999999995, 30.087, 30.054000000000002, 30.058, 30.118, 30.126, 30.081, 30.074, 27.538]