'samples', 'mean', 'std', 'min', 'max', 'data'
35, 30.756228571428569, 3.7880390033119049, 30.043, 52.794000000000004, [30.235000000000003, 25.531000000000002, 30.05, 30.051000000000002, 30.052, 30.048, 31.586000000000002, 30.084, 30.051000000000002, 30.054000000000002, 30.05, 30.053, 30.057000000000002, 30.054000000000002, 30.092000000000002, 30.061999999999998, 30.067, 30.182000000000002, 30.053, 30.044999999999998, 30.049, 30.048, 30.043, 30.052, 30.044999999999998, 30.05, 30.066, 30.047, 30.053, 30.046, 52.794000000000004, 30.043, 30.068, 30.136, 30.056, 30.074, 30.084, 30.061999999999998, 30.061999999999998, 30.052]