'samples', 'mean', 'std', 'min', 'max', 'data'
19, 20.396789473684208, 1.0780937162147952, 20.116, 24.97, [10.061, 49.655, 10.088, 10.113000000000001, 10.074, 20.118000000000002, 20.14, 20.124, 20.167, 20.119999999999997, 20.154, 20.122, 20.150000000000002, 20.144, 24.97, 20.116, 20.156, 20.125, 20.177, 20.133000000000003, 20.153000000000002, 20.126, 20.174999999999997, 20.169]