'samples', 'mean', 'std', 'min', 'max', 'data'
19, 29.852578947368418, 1.0759533992936328, 25.288, 30.134, [30.096999999999998, 30.001, 30.084, 30.078, 30.126, 30.099, 30.113, 30.104, 30.12, 30.12, 30.091, 30.110999999999997, 30.095, 30.102, 30.112, 25.288, 30.083, 30.105, 30.113, 30.087, 30.106, 30.096, 30.134, 30.12]