'samples', 'mean', 'std', 'min', 'max', 'data'
164, 33.880298780487806, 27.647397519693417, 25.723, 290.06, [26.252000000000002, 26.259999999999998, 30.092000000000002, 30.068, 30.126, 30.089000000000002, 30.110000000000003, 30.091, 30.121, 30.091, 30.133, 30.09, 30.145000000000003, 30.086000000000002, 30.110000000000003, 30.128, 30.101, 30.087, 30.131999999999998, 30.089000000000002, 30.116, 30.089000000000002, 30.110000000000003, 30.098, 30.118, 30.098, 30.110000000000003, 30.086000000000002, 30.110999999999997, 30.103, 30.108, 30.093, 30.113, 30.093, 30.104, 30.088, 30.093999999999998, 30.089000000000002, 30.144000000000002, 30.084, 30.107, 30.08, 30.09, 30.075, 30.124000000000002, 30.088, 30.089000000000002, 30.075, 30.148, 30.071, 30.106, 30.072000000000003, 30.09, 30.076999999999998, 30.086000000000002, 30.099, 30.102, 30.096999999999998, 34.033, 34.013, 34.019, 33.865, 30.064, 30.083, 30.069, 30.075999999999997, 30.069, 30.078, 30.061, 30.073, 30.057000000000002, 30.078, 30.079, 34.014, 34.033, 34.012, 30.076999999999998, 30.057000000000002, 30.069, 30.086000000000002, 30.123, 30.084, 30.110999999999997, 30.089000000000002, 30.109, 34.02, 34.016999999999996, 30.072000000000003, 30.104, 30.085, 30.063, 30.07, 30.052, 30.075999999999997, 30.113, 30.103, 30.061, 158.804, 30.688, 30.093, 30.083, 30.066, 30.072000000000003, 30.058, 25.723, 30.082, 30.044999999999998, 30.061999999999998, 30.074, 30.068, 30.064, 30.061999999999998, 29.695, 30.093, 30.071, 30.116, 238.374, 30.102, 30.075999999999997, 30.068, 30.112, 30.113999999999997, 30.073, 30.082, 30.081, 30.061999999999998, 30.065, 30.085, 30.066, 30.116, 290.06, 27.219, 30.110000000000003, 30.108, 30.075, 30.099999999999998, 30.081, 30.051000000000002, 30.07, 30.065, 30.082, 30.099999999999998, 26.276999999999997, 30.096, 30.092000000000002, 30.124000000000002, 30.086000000000002, 30.139, 30.09, 30.081, 30.093, 30.086000000000002, 30.115, 30.164, 30.099999999999998, 30.121, 30.115, 30.105, 30.083, 30.084, 30.118, 30.127000000000002, 30.093999999999998, 30.105, 30.115, 30.109, 30.092000000000002, 30.103, 30.093999999999998]