'samples', 'mean', 'std', 'min', 'max', 'data'
163, 70.969607361963185, 135.68323488963466, 20.062, 1319.5140000000001, [13.816, 53.591, 10.059000000000001, 10.139000000000001, 10.08, 20.124, 20.133000000000003, 20.122999999999998, 20.139, 20.098000000000003, 20.137999999999998, 20.108, 20.129, 20.096, 20.136000000000003, 20.126, 20.134, 20.099, 20.137999999999998, 20.113, 20.14, 20.098000000000003, 20.14, 20.117, 20.144, 20.112000000000002, 20.136999999999997, 20.101999999999997, 20.14, 20.132, 20.133000000000003, 20.114, 20.137999999999998, 20.102999999999998, 20.131, 20.124, 20.13, 20.105999999999998, 20.139, 20.204, 20.125, 20.094, 20.119, 20.091, 20.157, 20.1, 20.115000000000002, 20.104, 20.126, 20.082, 20.127, 20.091, 20.136999999999997, 20.087, 20.115000000000002, 20.113, 20.134, 25.746000000000002, 25.959, 25.993, 26.118, 25.991, 20.076, 20.127, 20.084999999999997, 20.099, 20.078, 20.105999999999998, 20.076, 20.098000000000003, 20.074, 20.1, 148.303, 25.971, 25.974, 25.983, 25.926000000000002, 31.995, 20.091, 20.134, 20.129, 20.128, 20.133000000000003, 20.132, 270.552, 29.964000000000002, 29.98, 25.931, 33.897999999999996, 29.916999999999998, 20.083, 20.097, 20.062, 20.125, 20.118000000000002, 20.119999999999997, 20.101, 225.27800000000002, 30.003, 33.894, 30.878, 34.846000000000004, 30.134, 24.456, 461.68, 29.915, 37.973, 37.927, 33.928, 20.135, 21.778, 528.304, 25.891000000000002, 25.902, 25.938, 25.888, 366.768, 24.745, 29.924, 21.947000000000003, 629.892, 29.877000000000002, 24.346, 1319.5140000000001, 25.89, 29.944, 28.763, 33.897999999999996, 23.127000000000002, 25.883, 460.80199999999996, 25.912000000000003, 25.948999999999998, 25.832, 41.94, 29.91, 25.895000000000003, 37.957, 109.946, 109.94, 113.933, 125.7, 97.911, 89.78800000000001, 170.404, 101.509, 201.99800000000002, 141.759, 141.92, 181.702, 186.108, 153.882, 120.358, 119.399, 173.871, 117.536, 122.245, 169.91500000000002, 168.857, 134.94500000000002, 181.89, 117.884, 165.917, 133.86999999999998, 145.877, 145.926, 149.885, 156.79999999999998]